	label	forms
	18-25 ans	18-25 ans
	2 jours de carence	2 jours de carence
	35 heures	35 heures|&|35h
	37 heures	37 heures
	39 heures	39 heures
	63 ans	63 ans
	65 ans	65 ans
	67 ans	67 ans
	6ème république	6ème république|&|6emerepublique|&|6erépublique|&|6erepublique|&|6e republique
	abattements fiscaux	abattements fiscaux
	abattoirs	abattoirs
	abeilles	abeilles
	abroger le compte pénibilité	abroger le compte pénibilité
	abroger	abroger|&|abrogation
	absentéisme scolaire	absentéisme scolaire
	abus de position dominante	abus de position dominante
	accès à la propriété	accès à la propriété
	accès aux soins	accès aux soins
	accessibilité des personnes handicapées	accessibilité des personnes handicapées
	accord de libre-échange	accord de libre-échange
	accords bilatéraux	accords bilatéraux
	accords du touquet	accords du touquet
	accueil des réfugiés	accueil des réfugiés
	accusé	accusé
	acidification	acidification
	actifs	actifs
	action culturelle	action culturelle
	action économique	action économique
	action publique	action publique
	actionnaires	actionnaires
	actionnariat salarié	actionnariat salarié
	actions d'entreprises	actions d'entreprises
	activités de conseil	activités de conseil
	administration centrale	administration centrale
	administration fiscale	administration fiscale
	administration pénitentiaire	administration pénitentiaire
	administrations	administrations|&|administration|&|administratives
	adolescents	adolescents
	aéroports	aéroports
	affaires criminelles	affaires criminelles
	afghanistan	afghanistan
	afp	afp
	afrique	afrique
	âge légal de départ à la retraite	âge légal de départ à la retraite
	âge maximal du taux plein	âge maximal du taux plein
	agence publique européenne de notation	agence publique européenne de notation
	agences de sécurité sanitaire et alimentaire	agences de sécurité sanitaire et alimentaire
	agents publics	agents publics
	agglomération	agglomération
	agios	agios
	agression sexuelle	agression sexuelle
	agressions	agressions|&|agression
	agriculture biologique	agriculture biologique|&|agriculture bio
	agriculture	agriculture|&|production agricole|&|agricoles|&|agriculteur|&|agricole|&|agriculteurs
	agroalimentaire	agroalimentaire
	agroécologique	agroécologique
	aide à la construction	aide à la construction
	aide au développement	aide au développement
	aide médicale d'état	aide médicale d'état|&|aide médicale d'etat
	aide sociale à l'enfance	aide sociale à l'enfance
	aides publiques	aides publiques
	aides sociales	aides sociales|&|aide sociale
	airfrance	airfrance
	algérie	algérie
	alimentation	alimentation
	allègements de charges	allègements de charges
	allégements fiscaux	allégements fiscaux
	alléger les charges patronales	alléger les charges patronales
	allemagne	allemagne
	allocation adulte handicapé	allocation adulte handicapé|&|aah
	allocation aux adultes handicapés	allocation aux adultes handicapés
	allocations chômage	allocations chômage
	allocations familiales	allocations familiales|&|allocation familiale OR allocation familiale
	allocations sociales	allocations sociales
	alpes-maritimes	alpes-maritimes
	alstom	alstom
	alternance	alternance
	alternance forte	alternance forte
	aluminium	aluminium
	alzheimer	alzheimer
	aménagement du territoire	aménagement du territoire
	amendes	amendes
	amnistie	amnistie|&|amnistier|&|amnistie
	anciens combattants	anciens combattants
	animaux	animaux
	ankara	ankara
	agence nationale de la recherche	anr
	anti-système	anti-système|&|anti-système|&|antisystème
	antisémitisme	antisémitisme|&|antisémite|&|antisémites|&|anti-sémite
	apa	apa
	apl	apl
	apologie du terrorisme	apologie du terrorisme
	apparatchiks	apparatchiks
	appels d'urgence	appels d'urgence
	apple	apple
	apprentis	apprentis
	apprentissage	apprentissage|&|apprentissages
	aquaculture	aquaculture
	arabie saoudite	arabie saoudite|&|l'arabie saoudit|&|l'arabie saoudite
	argent public	argent public
	arme nucléaire	arme nucléaire
	armée d'afrique	armée d'afrique
	armées	armées|&|armée
	armement de la police municipale	armement de la police municipale
	arrangements fiscaux	arrangements fiscaux
	arrêt de travail	arrêt de travail
	artisanat local	artisanat local
	artisans	artisans|&|artisanat
	artistes	artistes|&|artiste
	asile politique	asile politique
	aspa	aspa
	assange	assange
	assassinat politique	assassinat politique
	assassinat politique	assassinat politique
	assassiner	assassiner|&|assassins
	assemblée constituante	assemblée constituante
	assemblée nationale	assemblée nationale
	assimilation	assimilation
	assistance médicalisée	assistance médicalisée
	assistant parlementaire	assistant parlementaire|&|assistante parlementaire
	associations humanitaires	associations humanitaires
	associations professionnelles	associations professionnelles
	associations	associations|&|association
	assurance chômage	assurance chômage|&|assurance-chômage
	assurance-maladie	assurance-maladie|&|assurance maladie
	assurance-vie	assurance-vie
	atteindre l'équilibre budgétaire	atteindre l'équilibre budgétaire
	attentat de nice	attentat de nice|&|attentatnice|&|niceattentat
	attentats	attentats|&|attentat
	augmenter le salaire	augmenter le salaire
	aumôniers	aumôniers
	austérité	austérité
	autisme	autisme
	auto-entrepreneurs	auto-entreprise
	autoévaluation	autoévaluation
	autonomie aux communes	autonomie aux communes
	autonomie des écoles	autonomie des écoles
	autonomie fiscale	autonomie fiscale
	autorité	autorité
	autorité de l'état	autorité de l'état
	autorité hiérarchique	autorité hiérarchique
	autorité indépendante	autorité indépendante
	autorités françaises	autorités françaises
	autoroutes	autoroutes
	auxiliaire de vie scolaire	auxiliaire de vie scolaire|&|avs
	auxiliaires de vie scolaire	auxiliaires de vie scolaire
	avions ravitailleurs	avions ravitailleurs
	avocats	avocats
	avortement	avortement
	ayant-droits	ayant-droits
	baccalauréat	baccalauréat
	bachar al-assad	bachar al-assad
	bailleurs sociaux	bailleurs sociaux
	baisse d'impôts	baisse d'impôts|&|baisse d'impôt|&|baisses d'impôts
	baisse des dépenses interventions de l'etat	baisse des dépenses interventions de l'etat
	baisser les prix	baisser les prix
	banlieues	banlieues|&|banlieue
	banque centrale	banque centrale
	banque centrale européenne	banque centrale européenne|&|bce
	banque de détail	banque de détail
	banque de données	banque de données
	banque de la jeunesse	banque de la jeunesse
	banque postale	banque postale
	banque publique d'investissement	banque publique d'investissement
	banques d'affaires	banques d'affaires
	banques de dépôt	banques de dépôt|&|banques de dépôts
	banques	banques|&|banque
	barbarie terroriste	barbarie terroriste
	barbarie	barbarie|&|barbare|&|barbares
	bas revenus	bas revenus
	bassin d'emploi	bassin d'emploi
	bâtiments	bâtiments
	bâtiments publics	bâtiments publics|&|bâtiments nationaux
	bénéficiaires du rsa	bénéficiaires du rsa
	bénévoles	bénévoles
	bi-langues	bi-langues
	bi-nationalité	bi-nationalité|&|binationalité|&|binationaux
	bibliothèques	bibliothèques
	bien-être animal	bien-être animal|&|bien-être des animaux
	biens communs	biens communs
	biens immobiliers	biens immobiliers
	big data	big data
	bio	bio
	biodiversité	biodiversité
	bioéthique	bioéthique
	biogaz	biogaz
	biotechnologies	biotechnologies
	blessés	blessés
	blindés	blindés
	blocages	blocages
	bois	bois
	bonus	bonus
	bonus-malus	bonus-malus|&|bonus/malus
	bourses au mérite	bourses au mérite
	boursiers	boursiers
	branches professionnelles	branches professionnelles
	brexit	brexit|&|#brexit
	bricolage	bricolage
	bruxelles	bruxelles
	budget européen	budget européen
	budgets participatifs	budgets participatifs
	bureaucratie	bureaucratie
	burkini	burkini|&|#burkini
	burnout	burnout
	burqa	burqa
	buy european act	buy european act
	bygmalion	bygmalion
	cadeaux fiscaux	cadeaux fiscaux
	caf	caf
	caisse des dépôts et consignations	caisse des dépôts et consignations
	caissière	caissière
	calais	calais
	cancers	cancers|&|cancer
	cannabis	cannabis
	cantine	cantine
	cantines bio	cantines bio
	cantines scolaires	cantines scolaires
	capital formation	capital formation
	capital-risque	capital-risque
	caricature	caricature|&|caricatures
	carnées	carnées
	carrières judiciaires	carrières judiciaires
	carte de séjour	carte de séjour
	carte vitale biométrique	carte vitale biométrique
	cartes vitale	cartes vitale
	casier judiciaire	casier judiciaire
	casseroles	casseroles
	cathosphère	cathosphère|&|cathosphère
	caution solidaire	caution solidaire
	caution universelle	caution universelle
	cdd	cdd
	cdi	cdi|&|contrat à durée indéterminée
	censure	censure
	centrales d'achat	centrales d'achat
	centrales nucléaires	centrales nucléaires
	centre bourg	centres bourg|&|centre-bourgs
	centres éducatifs fermés	centres éducatifs fermés
	ceseda	ceseda
	ceta	ceta
	chaînes publiques de télévision	chaînes publiques de télévision
	chambres régionales des comptes	chambres régionales des comptes
	champ d'honneur	champ d'honneur
	changement climatique	changement climatique|&|réchauffement climatique|&|#climat
	charbon	charbon
	charges patronales	charges patronales
	charges salariales	charges salariales
	charges sociales salariales	charges sociales salariales
	charges	charges|&|charge
	chasse	chasse|&|chasseur|&|chasseurs
	chef d'entreprise	chef d'entreprise|&|chefs d'entreprises|&|chefs d'entreprise
	chef de l'état	chef de l'état
	chefs d'etat	chefs d'etat|&|chefs d'état|&|chef d'état|&|chef d'etat
	chèques déjeuners	chèques déjeuners
	chiffre d'affaires mondial	chiffre d'affaires mondial
	chine	chine
	chirurgie ambulatoire	chirurgie ambulatoire
	chômeur de longue durée	chômeur de longue durée
	chômeurs	chômeurs|&|chômeur|&|chômage
	chrétien	chrétien|&|chrétien
	chrétiens d'orient	chrétiens d'orient|&|chretiensdorient
	cice	cice
	circuits courts	circuits courts
	citoyenneté française	citoyenneté française
	citoyens	citoyens
	civilisation européenne	civilisation européenne
	civilisation française	civilisation française
	civilisations	civilisations|&|civilisation
	civisme	civisme|&|civisme
	clandestins	clandestins|&|clandestin|&|clandestine
	classe politique	classe politique
	classes moyennes	classes moyennes
	clause générale de compétence	clause générale de compétence
	clientélisme	clientélisme
	clients des banques	clients des banques
	cliniques privés	cliniques privés
	clubs professionnels	clubs professionnels
	cnspf	cnspf
	cocaïne	cocaïne
	code civil	code civil
	code de l'entrée et du séjour des étrangers	code de l'entrée et du séjour des étrangers
	code de la nationalité française	code de la nationalité française
	code du travail	code du travail
	cohésion nationale	cohésion nationale
	cohésion sociale	cohésion sociale
	collectivités d'outre-mer	collectivités d'outre-mer
	collectivités locales	collectivités locales
	collectivités territoriales	collectivités territoriales|&|collectivité territorial
	collèges	collèges|&|collège
	combattants	combattants
	comités de rémunération	comités de rémunération
	commandes publiques	commandes publiques|&|commande publique
	commerçants	commerçants
	commerçants indépendants	commerçants indépendants
	commerce	commerce
	commerce indépendant	commerce indépendant
	commission européenne	commission européenne
	communautarisme	communautarisme|&|communautarismes
	communautés urbaines	communautés urbaines
	communes rurales	communes rurales
	communiste	communiste|&|communiste
	compensation salariale	compensation salariale
	compétitivité	compétitivité
	complexité administrative	complexité administrative
	complot	complot|&|complotiste
	compte bancaire	compte bancaire
	compte individuel de formation	compte individuel de formation
	comptes publics	comptes publics
	concurrence déloyale	concurrence déloyale
	concurrence internationale	concurrence internationale
	concurrence loyale	concurrence loyale
	concurrence sociale déloyale	concurrence sociale déloyale
	concurrence	concurrence|&|concurrents
	condamnations	condamnations|&|condamnés|&|condamnation
	conditions de travail	conditions de travail
	confession juive	confession juive|&|juifs|&|juif
	confiance	confiance
	conflits d'intérêt	conflits d'intérêt
	congé parental	congé parental
	conjoints survivants	conjoints survivants
	connaissance préalable de la langue française	connaissance préalable de la langue française
	conseil constitutionnel	conseil constitutionnel
	conseil de sécurité	conseil de sécurité
	conseil national des universités	conseil national des universités
	conseil supérieur de l'audiovisuel	conseil supérieur de l'audiovisuel
	conseil supérieur de la magistrature	conseil supérieur de la magistrature|&|csm
	conseiller territorial	conseiller territorial
	conseils d'administration	conseils d'administration
	conseils généraux	conseils généraux
	conseils régionaux	conseils régionaux
	consommation responsable	consommation responsable
	consommation	consommation|&|consommateurs|&|consommer|&|consommations
	constitution	constitution
	construction	construction
	construction européenne	construction européenne
	contraintes administratives	contraintes administratives
	contrat de génération	contrat de génération
	contrat de professionnalisation	contrat de professionnalisation
	contrat de responsabilité parentale	contrat de responsabilité parentale
	contrat de travail	contrat de travail
	contrats d'assurance	contrats d'assurance
	contraventions	contraventionnalisation
	contrefaçon commerciale	contrefaçon commerciale
	contribution fiscale	contribution fiscale
	contrôle de légalité a priori	contrôle de légalité a priori
	contrôle des frontières	contrôle des frontières|&|contrôle de ses frontières
	contrôle technique	contrôle technique
	contrôles d'identité	contrôles d'identité
	convention de dublin	convention de dublin
	convention européenne	convention européenne
	convention européenne des droits de l'homme	convention européenne des droits de l'homme
	conventions citoyennes	conventions citoyennes
	conversion écologique	conversion écologique
	conversion écologique et énergétique	conversion écologique et énergétique
	convocation	convocation
	convocation judiciaire	convocation judiciaire|&|convocation des juges
	cop21	cop21
	corporatisme	corporatisme
	correctionnalisation	correctionnalisation
	corruption	corruption
	cotisation vieillesse	cotisation vieillesse
	cotisations chômage	cotisations chômage
	cotisations sociales	cotisations sociales
	cotisations	cotisations|&|cotisation|&|cotiser
	coup d'état institutionnel	coup d'état institutionnel
	coupables	coupables
	couples homosexuels	couples homosexuels|&|couples gay
	cour des comptes	cour des comptes
	cour européenne des droits de l'homme	cour européenne des droits de l'homme
	cour européenne des droits de l’homme	cour européenne des droits de l’homme
	cours d'assises	cours d'assises
	coût de la vie	coût de la vie
	coût du travail	coût du travail
	couverture mobile	couverture mobile
	covoiturage	covoiturage
	création artistique	création artistique
	création d'emplois	création d'emplois
	création d'entreprise	création d'entreprise
	crèches	crèches
	crédit à la consommation	crédit à la consommation
	crédit d'impôt	crédit d'impôt|&|crédit impôt
	crédit impôt réparation	crédit impôt réparation
	crédit impôt-recherche	crédit impôt-recherche|&|crédit impôt recherche|&|crédit d'impôt recherche
	crédits	crédits|&|crédit
	crimes	crimes|&|crime
	criminel	criminel|&|criminels
	crise	crise
	crise bancaire	crise bancaire
	crise économique	crise économique|&|crise bancaire économique
	crise migratoire	crise migratoire
	crise syrienne	crise syrienne
	croissance	croissance
	csg	csg
	culture française	culture française
	culture	culture|&|culturels|&|culturelles|&|culturelle
	cumul	cumul
	cyber-attaques	cyber-attaques|&|#cyberthreats|&|cyber-attaque|&|#cyberthreat
	cyber-guerre	cyber-guerre|&|cyber-menace|&|cyberarmée|&|cyberdéfense|&|cyber guerre
	cyber-sécurité	cyber-sécurité|&|cyber sécurité|&|#cybersecurity|&|cyber-sécurité|&|cybersécurité
	daech	daech|&|daesh
	débouchés professionnels	débouchés professionnels
	débureaucratiser	débureaucratiser
	décentralisation	décentralisation
	déchéance de nationalité	déchéance de nationalité
	déchets	déchets
	décisions de remise en liberté	décisions de remise en liberté
	déclassement	déclassement
	découverts bancaires	découverts bancaires
	décrochage scolaire	décrochage scolaire|&|déscolarisé
	décrocheurs	décrocheurs
	déductibilité fiscale des dons	déductibilité fiscale des dons
	défense de la laïcité	défense de la laïcité
	défense européenne commune	défense européenne commune
	défense nationale	défense nationale
	déficit	déficit
	défiscalisations	défiscalisations|&|défiscalisées|&|défiscaliser|&|défiscalisation
	dégradation du mobilier urbain	dégradation du mobilier urbain
	dégressivité dans l'attribution des allocations	dégressivité dans l'attribution des allocations
	délais de jugement	délais de jugement
	délinquance des mineurs	délinquance des mineurs
	délinquant multirécidiviste	délinquant multirécidiviste
	délinquants étrangers	délinquants étrangers
	délit de faciès	délit de faciès|&|délit de faciès|&|délits de faciès
	délit	délit|&|délinquante|&|délinquants|&|délits|&|délinquance
	délocalisations	délocalisations|&|délocalisent
	demande d'asile	demande d'asile
	demandes d'asile	demandes d'asile|&|demandeurs d'asile
	dématérialiser	dématérialiser|&|dématérialisation|&|dématérialisée
	démocratie sociale	démocratie sociale
	démocratie	démocratie|&|democracy|&|démocraties|&|democracies
	dentaires	dentaires
	départements	départements|&|département
	dépassements d'honoraires	dépassements d'honoraires
	dépendance	dépendance
	dépendance au pétrole	dépendance au pétrole
	dépenses administratives	dépenses administratives
	dépenses culturelles	dépenses culturelles
	dépenses d'investissement	dépenses d'investissement
	dépenses de l'etat	dépenses de l'état|&|dépenses de fonctionnement et d'intervention de l'état|&|dépenses de l'etat|&|dépenses de fonctionnement et d'intervention de l'etat|&|dépenses publiques|&|dépense publique
	dépôts des particuliers	dépôts des particuliers
	dérives jurisprudentielles	dérives jurisprudentielles
	désamiantage	désamiantage
	désendettement	désendettement
	désengorger les urgences	désengorger les urgences
	déserts médicaux	déserts médicaux
	déserts universitaires	déserts universitaires
	désinformation	désinformation|&|intox|&|desinformation
	détournement de fonds publics	détournement de fonds publics|&|détourné d'argent public|&|détournement d'argent public
	dette des états	dette des états|&|endettement de l'etat|&|dette des etats|&|dette souveraine|&|dette des états|&|dette de l’état
	dette	dette|&|dettes
	développement durable	développement durable
	développement économique	développement économique
	devenir entrepreneurs	devenir entrepreneurs
	dialogue social	dialogue social
	dictatures	dictatures|&|dictature
	diesel	diesel
	dieu	dieu
	diffusion de l'art	diffusion de l'art
	dignité	dignité
	diplomatie	diplomatie
	directive européenne	directive européenne
	directives de libéralisation	directives de libéralisation
	directives européennes	directives européennes
	discrimination positive	discrimination positive
	discriminations	discriminations|&|discrimination
	dislocation	dislocation
	dispositif de renseignement	dispositif de renseignement
	dissuasion nucléaire	dissuasion nucléaire
	distribution d'électricité	distribution d'électricité
	diversité culturelle	diversité culturelle
	dividendes	dividendes
	djihadistes	djihadistes|&|djihad
	dmto	dmto
	doctorants	doctorants
	documents officiels	documents officiels
	donald trump	donald trump|&|d.trump|&|d trump|&|d..trump|&|donaldtrump
	donations	donations
	données personnelles	données personnelles
	données publiques	données publiques
	dons	dons
	dossier médical partagé	dossier médical partagé
	dotations de l'état	dotations de l'état|&|dotations de l'etat
	double nationalité	double nationalité
	drapeau français	drapeau français
	drogue	drogue|&|drogues
	droit à l'oubli	droit à l'oubli
	droit au répit	droit au répit
	droit d'auteur	droit d'auteur|&|droits des créateurs
	droit d'être syndiqué	droit d'être syndiqué
	droit de faire appel des décisions	droit de faire appel des décisions
	droit de grève	droit de grève
	droit de mourir dans la dignité	droit de mourir dans la dignité
	droit de séjour	droit de séjour
	droit de veto	droit de veto
	droit de vote	droit de vote
	droit de vote des étrangers	droit de vote des étrangers
	droit des entreprises agricoles	droit des entreprises agricoles
	droit du sol	droit du sol
	droit européen	droit européen
	droit français	droit français
	droits à construire	droits à construire
	droits civiques	droits civiques
	droits culturels	droits culturels
	droits de douane	droits de douane
	droits de mutation	droits de mutation|&|droit de mutation
	droits de succession	droits de succession
	droits humains	droits humains
	drones	drones
	dumping social	dumping social
	durée du quinquennat	durée du quinquennat
	durée légale du travail	durée légale du travail
	e-démocratie	e-démocratie
	e-learning	e-learning
	e-santé	e-santé
	échanges commerciaux	échanges commerciaux
	échec scolaire	échec scolaire
	éco-conception	éco-conception
	école nationale de la magistrature	école nationale de la magistrature|&|ecole nationale de la magistrature|&|enm
	écoles d'ingénieurs	écoles d'ingénieurs
	écoles de commerce	écoles de commerce
	écoles primaires	écoles primaires|&|école primaire
	écologie	écologie|&|écologique|&|écologiques|&|ecologie
	écologistes	écologistes
	économie décarbonée	économie décarbonée
	économie maritime	économie maritime|&|economiedelamer
	économie numérique	économie numérique
	économie réelle	économie réelle
	économie sociale et solidaire	économie sociale et solidaire
	économie	économie|&|économies|&|economie
	économies sur les dépenses	économies sur les dépenses
	edf	edf
	éducation artistique	éducation artistique
	éducation catholique	éducation catholique|&|éducation catholique|&|école catho
	éducation nationale	éducation nationale
	éducation	éducation|&|éducatives
	effectifs de l'état	effectifs de l'état|&|effectifs de l'etat|&|éffectifs de l'etat
	effort de défense	effort de défense
	effort national	effort national
x	égalité femmes-hommes	égalité femmes-hommes|&|égalité femmes/hommes|&|parité|&|paritaire|&|paritarisme
	égalité républicaine	égalité républicaine
	égalité salariale	égalité salariale
	égalité	égalité|&|egalite
	ehpad	ehpad
	électeurs	électeurs
	élection présidentielle	élection présidentielle|&|élections présidentielles
	élections législatives	élections législatives
	élections locales	élections locales
	élections	élections|&|élection
	électricité	électricité
	élevage	élevage
	élevage intensif	élevage intensif
	élèves	élèves
	éleveurs	éleveurs|&|éleveur
	élu	élu |&| élus
	élucidation des affaires	élucidation des affaires
	élus condamnés	élus condamnés
	élus locaux	élus locaux
	empêcher les abus	empêcher les abus
	emploi fictif	emploi fictif
	emploi présumé fictif	emploi présumé fictif
	emploi stable	emploi stable
	emploi	emploi|&|embauche|&|embauches|&|emplois|&|embaucher
	emplois d'avenir	emplois d'avenir
	emplois précaires	emplois précaires
	employés	employés
	employeurs	employeurs
	emprunts	emprunts
	ena	ena|&|école nationale d'administration
	énergie	énergie|&|énergies
	énergies alternatives	énergies alternatives
	énergies renouvelables	énergies renouvelables|&|éolien|&|énergies marines renouvelables|&|énergie renouvelable|&|énergie solaire
	enfants récidivistes	enfants récidivistes
	enfants	enfants|&|enfant
	engorgement des tribunaux	engorgement des tribunaux
	engrais	engrais
	enquêtes	enquêtes|&|enquête
	enr	enr
	enseignants en informatique	enseignants en informatique
	enseignants-chercheurs	enseignants-chercheurs
	enseignants	enseignants|&|enseignant
	enseignement élémentaire	enseignement élémentaire
	enseignement primaire	enseignement primaire
	enseignement privé	enseignement privé|&|école privée|&|enseignement privé|&|lycée privé|&|lycées prives|&|écoles privées
	enseignement professionnel et technologique	enseignement professionnel et technologique
	enseignement public	enseignement public
	enseignement supérieur	enseignement supérieur
	enseignements	enseignements|&|enseignement|&|enseigner
	entrepreneuriat culturel	entrepreneuriat culturel
	entrepreneurs	entrepreneurs
	entreprises innovantes	entreprises innovantes
	entreprises publiques	entreprises publiques
	entreprises	entreprises|&|entreprise
	épargne	épargne
	épargne bancaire	épargne bancaire
	épargne populaire	épargne populaire
	epr	epr
	équilibre budgétaire	équilibre budgétaire
	équilibre des finances publiques	équilibre des finances publiques
	équipements sportifs	équipements sportifs
	erasmus	erasmus
	espaces maritimes	espaces maritimes
	espaces naturels protégés	espaces naturels protégés
	établissements hospitaliers	établissements hospitaliers
	établissements privés	établissements privés
	établissements publics	établissements publics
	établissements scolaires	établissements scolaires
	établissements universitaires	établissements universitaires
	état d'urgence	état d'urgence
	état de droit	état de droit|&|état de droit|&|etat de droit
	état fort	état fort
	état islamique	état islamique|&|etat islamique|&|ei
	état libre	état libre
	état palestinien	état palestinien
	état-major	état-major
	éthique	éthique|&|éthiques
	étiquetage	étiquetage
	étudiants	étudiants
	étudiants étrangers	étudiants étrangers
	euro-atlantistes	euro-atlantistes
	euro-obligations	euro-obligations
	europe	europe|&|union européenne|&|ue|&|#UE|&|europe
	excellence environnementale	excellence environnementale
	exception culturelle	exception culturelle
	exode des rapatriés	exode des rapatriés
	exonérations de cotisation sociale	exonérations de cotisation sociale
	exonérations	exonérations|&|exonération
	exonérer de charges patronales	exonérer de charges patronales
	expérimentations animales	expérimentations animales
	expertise citoyenne	expertise citoyenne
	exploitations familiales	exploitations familiales
	exportation	exportation
	exportations agricoles	exportations agricoles
	expulsions	expulsions
	extrême-droite	extrême-droite|&|extrême droite
	faceauxchrétiens	faceauxchrétiens
	facebook	facebook
	fachisme	fachisme|&|fachistes|&|fachos|&|fachiste|&|facho|&|fascistes|&|fascisme|&|fasciste
	fakenews	fakenews|&|fakenews|&|fake news
	falsification	falsification
	familles françaises	familles françaises
	fan-zones	fan-zones|&|fan zone
	favoriser	favoriser
	femmes isolées	femmes isolées
	féodalités locales	féodalités locales
	fermes-usines	fermes-usines
	fessenheim	fessenheim
	fichés s	fichés s
	fierté d'être français	fierté d'être français
	filières d'excellence	filières d'excellence
	filières du travail clandestin	filières du travail clandestin
	filières industrielles	filières industrielles
	filières professionnelles	filières professionnelles |&| filières professionnalisantes
	fin de vie	fin de vie
	finance spéculative	finance spéculative
	financement de la recherche	financement de la recherche
	financement étranger	financement étranger
	financement participatif	financement participatif
	financement public	financement public
	financer leurs études	financer leurs études|&|financement des études
	finances publiques	finances publiques
	finances publiques locales	finances publiques locales
	financiarisation	financiarisation
	fiscalité européenne	fiscalité européenne
	fiscalité locale	fiscalité locale
	fiscalité	fiscalité|&|fiscales|&|fiscale|&|fiscalité|&|fiscal
	fixation des tarifs	fixation des tarifs
	flamanville	flamanville
	florange	florange
	flotte	flotte
	flux migratoires	flux migratoires
	fnsea	fnsea
	fonction présidentielle	fonction présidentielle
	fonction publique hospitalière	fonction publique hospitalière
	fonction publique territoriale	fonction publique territoriale
	fonction publique	fonction publique|&|fonctionnaires|&|fonctions publiques|&|personnel de l'etat
	fonds européen de défense	fonds européen de défense
	fonds régionaux	fonds régionaux
	fonds souverain	fonds souverain
	forces armées	forces armées
	forêts	forêts
	formation de nos jeunes	formation de nos jeunes
	formation des fonctionnaires	formation des fonctionnaires
	formation initiale	formation initiale
	formations politiques	formations politiques
	formations professionnelles	formations professionnelles|&|formation professionnelle
	fossiles	fossiles
	fracture culturelle	fracture culturelle
	frais bancaires	frais bancaires
	frais de scolarité	frais de scolarité
	françafrique	françafrique
	france du désastre	france du désastre
	france métropolitaine	france métropolitaine
	franchises	franchises|&|franchise
	françois hollande	françois hollande
	francophonie	francophonie
	francs-maçons	francs-maçons|&|francs-maçons|&|francs-maçon|&|francs-maçonnerie
	frapor	frapor
	fraternité	fraternité
	fraude aux prestations sociales	fraude aux prestations sociales
	fraude fiscale	fraude fiscale
	fraude sociale	fraude sociale
	fraude	fraude|&|frauduleux|&|fraudes
	fraudes commerciales	fraudes commerciales
	frenchtech	frenchtech
	frères musulmans	frères musulmans
	fret	fret
	frexit	frexit|&|#frexit
	frontière	frontière|&|frontières
	frontières extérieures	frontières extérieures
	frustration	frustration
	fuite des cerveaux	fuite des cerveaux
	g20	g20
	gafa	gafa
	gains de productivité	gains de productivité
	garde à vue	garde à vue
	garde d'enfants	garde d'enfants
	garde nationale	garde nationale
	garde-frontières	garde-frontières
	gardiens de la paix	gardiens de la paix
	gauche irréconciliable	gauche irréconciliable|&|gauches irréconciliables
	gaulois	gaulois|&|gauloi
	gaz	gaz
	gaz à effet de serre	gaz à effet de serre
	gaz de schiste	gaz de schiste
	gel des traitements	gel des traitements
	gel des transferts	gel des transferts
	gendarmes	gendarmes|&|gendarmerie
	général de gaulle	général de gaulle
	génération	génération
	gestion des ressources humaines	gestion des ressources humaines
	gestion planifiée	gestion planifiée
	ghettoïsation	ghettoïsation
	google	google
	gouvernement algérien	gouvernement algérien
	gpa	gpa
	grand emprunt	grand emprunt
	grand patronat	grand patronat
	grand remplacement	grand remplacement
	grande bretagne	grande bretagne|&|grande-bretagne
	grande distribution	grande distribution|&|grands distributeurs|&|grandes surfaces
	grande guerre	grande guerre
	grande réforme fiscale	grande réforme fiscale
	grandes écoles	grandes écoles
	grandes entreprises	grandes entreprises|&|grosses entreprises|&|grands groupes
	grèce	grèce
	gros patrimoines	gros patrimoines
	gros travaux	gros travaux
	guadeloupe	guadeloupe
	guerre civile	guerre civile
	guerre mondiale	guerre mondiale
	guerres	guerres
	guyane	guyane
	gwada	gwada
	hacker	hacker
	hadopi	hadopi
	handicap	handicaps|&|personnes handicapées|&|personnes handicapés|&|handicap|&|handicapés
	harcèlement	harcèlement
	harki	harki|&|harkis
	harmonisation fiscale	harmonisation fiscale
	haute mer	haute mer
	hébergement d'urgence	hébergement d'urgence
	hébergement en établissement	hébergement en établissement
	héritage	héritage
	heures supplémentaires	heures supplémentaires
	histoire générale	histoire générale
	histoire nationale	histoire nationale
	hlm	hlm
	hommage aux victimes	hommage aux victimes
	homophobie	homophobie|&|homophobie|&|homophobe
	hôpital public	hôpital public
	hôpital	hôpital|&|hopitaux|&|hôpitaux|&|hopital
	hôpitaux de proximité	hôpitaux de proximité
	hospitalisation	hospitalisation
	identité	identité
	identité de genre	identité de genre
	identité heureuse	identité heureuse
	identité nationale	identité nationale
	illettrisme	illettrisme
	imams détachés	imams détachés
	imams	imams|&|imam
	immigration	immigration
	immigration de masse	immigration de masse
	immigration illégale	immigration illégale|&|immigration clandestine|&|migrants clandestins|&|immigrés clandestins|&|immigration irrégulière
	immigration légale	immigration légale
	immobilier	immobilier
	importations	importations|&|importation
	impôt des particuliers	impôt des particuliers
	impôt minimal	impôt minimal
	impôt sur la fortune	impôt sur la fortune
	impôt sur le revenu	impôt sur le revenu
	impôt sur les sociétés	impôt sur les sociétés
	impôt	impôt|&|impôts|&|imposition
	impôts de production	impôts de production
	impôts locaux	impôts locaux
	inactivité	inactivité
	incivilités	incivilités
	incubateurs	incubateurs
	indemnisation	indemnisation
	indemnités des élus locaux	indemnités des élus locaux
	indemnités journalières	indemnités journalières
	indemnités prud'homales	indemnités prud'homales
	indépendance de la justice	indépendance de la justice
	indépendance stratégique	indépendance stratégique
	industrie nucléaire	industrie nucléaire|&|filière nucléaire|&|part du nucléaire
	industrie	industrie|&|industriels
	industries stratégiques	industries stratégiques
	inéligibilité	inéligibilité
	infirmières	infirmières
	inflation	inflation
	infrastructures routières	infrastructures routières
	ingénieurs	ingénieurs|&|ingénieur
	ingérence	ingérence
	injustices	injustices|&|injustice
	innovation	innovation|&|innovations
	innovations technologiques	innovations technologiques
	insertion des jeunes	insertion des jeunes
	insertion professionnelle	insertion professionnelle
	inspection générale de l'état	inspection générale de l'etat|&|inspection générale de l'etat
	inspections générales interministérielles	inspections générales interministérielles
	insultes	insultes
	intégration des étrangers	intégration des étrangers
	intelligence artificielle	intelligence artificielle
	intercommunalités	intercommunalités|&|intercommunalité
	interdiction de séjour	interdiction de séjour
	interdiction	interdiction|&|interdire
	intérêt général	intérêt général
	intérêts économique	intérêts économique|&|intérêts économiques
	intérêts nationaux	intérêts nationaux|&|intérêt national
	intermittent du spectacle	intermittent du spectacle
	internet	internet
	intervention publique	intervention publique
	intrants	intrants
	investissement privé	investissement privé
	investissement public	investissement public
	investissements d'avenir	investissements d'avenir
	investissements étrangers	investissements étrangers
	iran	iran
	irlande	irlande
	isf	isf
	islam	islam
	islam politique	islam politique
	islamistes	islamistes|&|islamique|&|islamiques|&|islamiste
	islamophobie	islamophobie|&|islamophobe|&|islamophobie
	isolation de l'habitat	isolation de l'habitat
	israël	israël
	istanbul	istanbul
	ivg	ivg
	jaurès	jaurès|&|jaures
	jeune en alternance	jeune en alternance
	jeunes entrepreneurs	jeunes entrepreneurs
	jeunesse	jeunesse|&|jeunesses
	journalistes	journalistes
	juges	juges|&|juge
	jungle de calais	jungle de calais
	jungle	jungle|&|jungles
	jury de cour d'assise	jury de cour d'assise
	jurys citoyens	jurys citoyens
	justice	justice
	justice des mineurs	justice des mineurs
	justice fiscale	justice fiscale
	justice sociale	justice sociale
	kinésithérapeutes	kinésithérapeutes
	l'euro	l'euro
	l'exclusion	l'exclusion
	l’argent	l’argent
	la poste	la poste
	la recherche	la recherche|&|chercheurs
	labels de qualité	labels de qualité
	lagarde	lagarde
	laïcité	laïcité
	langue française	langue française
	langues régionales	langues régionales
	latin	latin
	laxisme	laxisme
	laxisme judiciaire	laxisme judiciaire
	le système	le système
	légitime défense	légitime défense
	les étrangers	les étrangers
	les inégalités	les inégalités
	les jeunes	les jeunes|&|la jeunesse|&|jeunes
	libéralisation des services	libéralisation des services
	libéralisme économique	libéralisme économique
	libération conditionnelle	libération conditionnelle
	liberonsnosconvictions	liberonsnosconvictions
	liberté d'expression	liberté d'expression
	liberté religieuse	liberté religieuse
	liberté syndicale	liberté syndicale
	librairies indépendantes	librairies indépendantes
	libre circulation	libre circulation
	libre circulation des personnes	libre circulation des personnes
	Libre-concurrence	libre concurrence|&|libre-concurrence
	libre-échange	libre-échange
	libye	libye
	licence globale	licence globale
	licences professionnelles	licences professionnelles
	licenciement	licenciement|&|licenciements
	licenciements collectifs	licenciements collectifs|&|licenciement collectif
	lieux de culte	lieux de culte
	litiges	litiges
	livret a	livret a
	livret d'épargne industrie	livret d'épargne industrie
	locataires	locataires
	logements sociaux	logements sociaux|&|logement social|&|logements sociaux
	logements	logements|&|logement
	loi d'orientation	loi d'orientation
	loi de 1905	loi de 1905
	loi de moralisation de la vie publique	loi de moralisation de la vie publique
	loi el khomri	loi el khomri
	loi fioraso	loi fioraso
	loi hadopi	loi hadopi
	loi la négociation des contrats	loi la négociation des contrats
	loi lru	loi lru
	loi religieuse	loi religieuse
	loi sapin	loi sapin
	loi sru	loi sru
	loi sur la protection des sources	loi sur la protection des sources
	loi sur le renforcement de la démocratie et des libertés locales	loi sur le renforcement de la démocratie et des libertés locales
	loi taubira	loi taubira|&|loitaubira
	loi travail	loi travail|&|loitravail
	lois de la république	lois de la république
	loyers	loyers
	lunettes	lunettes
	lutte antiterroriste	lutte antiterroriste
	lutte contre l'évasion fiscale	lutte contre l'évasion fiscale
	lutte contre l'immigration clandestine	lutte contre l'immigration clandestine|&|lutte contre l'immigration illégale
	lutte contre l'optimisation fiscale	lutte contre l'optimisation fiscale
	lutte contre la contrefaçon	lutte contre la contrefaçon
	lutte contre la fraude sociale	lutte contre la fraude sociale
	lutte contre la précarité	lutte contre la précarité|&|lutterai contre la précarité
	lutte contre le bruit	lutte contre le bruit
	lutte contre le dopage	lutte contre le dopage
	lutte contre les discriminations	lutte contre les discriminations|&|lutte contre la discrimination
	lutte contre les fraudes	lutte contre les fraudes
	lycéens	lycéens
	lycées professionnels	lycées professionnels
	lycées	lycées|&|lycée
	madeinfrance	madeinfrance
	magistrats européens	magistrats européens
	magistrats	magistrats|&|magistrat|&|magistrature
	maintien à domicile	maintien à domicile
	maisons de santé	maisons de santé
	maisons de soins	maisons de soins
	maîtres de conférences	maîtres de conférences
	maîtrise de la langue française	maitrise de la langue française|&|maîtrise de la langue française
	maîtrise de la masse salariale	maitrise de la masse salariale|&|maîtrise de la masse salariale
	majorité pénale	majorité pénale
	majorité silencieuse	majorité silencieuse
	malades	malades|&|malade
	maladies graves ou contagieuses	maladies graves ou contagieuses|&|maladies graves|&|maladies contagieuses
	maladies infectieuses	maladies infectieuses
	maladies rares	maladies rares
	maladies	maladies|&|maladie
	malentendants	malentendants
	malvoyants	malvoyants
	manif pour tous	manif pour tous|&|manifpourtous
	manifestants	manifestants|&|manifestant
	manifpolice	manifpolice
	marché commun	marché commun
	marché unique européen	marché unique européen
	marchés publics	marchés publics
	marges des producteurs	marges des producteurs
	mariage	mariage
	mariage pour tous	mariage pour tous|&|mariage gay
	marine nationale	marine nationale
	maritime	maritime
	marseillaise	marseillaise
	massacre	massacre
	maternelle	maternelle
	mdph	mdph
	mécénat	mécénat
	mécénat populaire	mécénat populaire
	médecine	médecine
	médecins	médecins
	médecins généralistes	médecins généralistes
	médecins libéraux	médecins libéraux
	medef	medef
	médias	médias|&|la presse
	médicaments	médicaments
	médicaments innovants	médicaments innovants
	méditerranée	méditerranée
	membres du parquet	membres du parquet
	menace terroriste	menace terroriste|&|menace terroristes
	menace	menace|&|menaces
	ménages	ménages
	mensonges	mensonges|&|mensonge
	mères isolées	mères isolées
	mérite	mérite
	méritocratie	méritocratie
	mesures fiscales	mesures fiscales
	méthodes pédagogiques	méthodes pédagogiques
	métiers de l'entreprenariat	métiers de l'entreprenariat
	métiers de la finance	métiers de la finance
	métiers du droit	métiers du droit
	microentreprise	microentreprise
	mieux rémunérer	mieux rémunérer
	migrants	migrants
	migratoires	migratoires
	milices gauchistes	milices gauchistes
	militaires	militaires
	Mille-feuille administratif	millefeuille administratif|&|mille-feuille administratif|&|mille feuille administratif
	mineurs	mineurs
	minimum vieillesse	minimum vieillesse
	ministère de l'intérieur, de l'immigration et de la laïcité	ministère de l'intérieur, de l'immigration et de la laïcité
	ministère des souverainetés	ministère des souverainetés
	ministres du culte	ministres du culte
	mise en examen	mise en examen|&|mis en examen
	mixité sociale	mixité sociale
	mobilisation	mobilisation|&|mobilise
	mobilité professionnelle	mobilité professionnelle
	modèle républicain	modèle républicain
	modem	modem
	modernisation	modernisation
	moins de 18 ans	moins de 18 ans
	monde carcéral	monde carcéral
	monde judiciaire	monde judiciaire
	monde rural	monde rural
	mondialisation	mondialisation
	monnaie	monnaie
	monnaie de réserve	monnaie de réserve
	monnaie nationale	monnaie nationale
	monoparentalité	monoparentalité|&|monoparentalité|&|monoparentale
	montauban	montauban
	montée de la délinquance	montée de la délinquance
	monuments historiques	monuments historiques
	moraliser	moraliser
	moratoire	moratoire
	mosquées	mosquées|&|mosquée
	moyen-orient	moyen-orient|&|moyen orient
	moyenne européenne	moyenne européenne
	moyens de nos armées	moyens de nos armées
	multiculturalisme	multiculturalisme|&|multiculturalisme|&|multi-culturalisme
	multilatéralisme	multilatéralisme
	multinationales	multinationales
	musique	musique|&|musiques
	musulman	musulman|&|musulmanes|&|musulmans
	mutation digitale	mutation digitale
	mutuelles	mutuelles
	nation	nation|&|nations
	nationalisation	nationalisation|&|nationaliser
	nationalité	nationalité
	nationalité française	nationalité française
	naturalisations	naturalisations|&|naturalisation|&|naturalisé
	négociation salariale	négociation salariale
	neutralité	neutralité
	niches fiscales	niches fiscales|&|niche fiscale
	non remplacement de un fonctionnaire sur deux	non remplacement de un fonctionnaire sur deux|&|non-remplacement d'un fonctionnaire sur deux
	non-cumul des mandats	non-cumul des mandats
	norme nationale	norme nationale
	normes environnementales	normes environnementales
	normes européennes	normes européennes
	nos soldats	nos soldats
	notaires	notaires
	notation sociale	notation sociale
	nouvelle calédonie	nouvelle calédonie|&|nouvelle-calédonie
	nouvelles technologies	nouvelles technologies
	nuitdebout	nuitdebout
	nullité de procédure	nullité de procédure
	numérique	numérique|&|numérisation|&|numériques
	numerus clausus	numerus clausus
	obligation pour eux d'accepter un emploi	obligation pour eux d'accepter un emploi
	obligations légales	obligations légales
	OCDE	OCDE
	océans	océans
	office national de la chasse	office national de la chasse
	officines	officines
	offre de logements	offre de logements
	offres en ligne	offres en ligne
	ogm	ogm
	omc	omc
	onema	onema
	ong	ong
	onu	onu|&|nations unies
	opa	opa
	open data	open data|&|open-data
	opérateurs téléphoniques	opérateurs téléphoniques
	opérations extérieures	opérations extérieures|&|opex
	opérations spéculatives	opérations spéculatives
	opinion publique	opinion publique
	optimisation fiscale	optimisation fiscale
	ordonnances	ordonnances
	organisations syndicales	organisations syndicales
	orthophonistes	orthophonistes
	otan	otan|&|l'otan
	outil de défense	outil de défense
	outre-mer	outre-mer|&|outre-mers
	ouvriers	ouvriers
	pac	pac|&|politique agricole commune
	pacs	pacs
	pacte de confiance	pacte de confiance
	pacte de responsabilité	pacte de responsabilité
	pacte de stabilité	pacte de stabilité
	paix	paix
	paix civile	paix civile
	palestine	palestine
	paradis fiscaux	paradis fiscaux
	parcours de soins	parcours de soins
	parcours européens	parcours européens
	parcours professionnels	parcours professionnels
	parcours scolaire	parcours scolaire
	parents	parents
	parents musulmans	parents musulmans
	parisiens	parisiens|&|parisien
	parlement	parlement
	parlement européen	parlement européen
	parlementaire	parlementaire
	partenaires européens	partenaires européens
	partenaires sociaux	partenaires sociaux
	partenariats public-privé	partenariats public-privé
	partenariats publics-privés	partenariats publics-privés
	patrimoine	patrimoine
	patrimoine immatériel	patrimoine immatériel
	patriotisme économique	patriotisme économique
	patriotisme	patriotisme|&|patriotes
	patrons	patrons|&|patron|&|patronat
	patrouilleurs océaniques	patrouilleurs océaniques
	pauvreté	pauvreté
	pays d'afrique	pays d'afrique
	pays d'origine	pays d'origine
	pays de l'union	pays de l'union|&|état membre
	paysans	paysans|&|paysanne|&|paysannes
	pêche	pêche
	pêche illégale	pêche illégale
	peines de prison	peines de prison|&|peines d'emprisonnement
	peines de réclusion criminelle	peines de réclusion criminelle
	peines minimales	peines minimales
	peines planchers	peines planchers
	penelope fillon	penelope fillon|&|fillongate|&|pénélope fillon
	pénibilité	pénibilité
	pensions	pensions|&|pension
	performance énergétique	performance énergétique
	période de sûreté	période de sûreté
	periscope	periscope
	périurbains	périurbains
	perpétuité	perpétuité
	personnels soignant	personnels soignant|&|personnel soignant|&|personnels soignants
	personnes âgées	personnes âgées
	perte d'autonomie	perte d'autonomie
	perturbateurs endocriniens	perturbateurs endocriniens
	pesticides	pesticides
	petite enfance	petite enfance
	petites entreprises	petites entreprises
	petites pensions	petites pensions
	petites retraite	petites retraite|&|petites retraites
	pétrodollars	pétrodollars
	pétrole	pétrole
	peuple	peuple
	peurs	peurs|&|peur
	pib	pib
	pisa	pisa
	places de prison	places de prison
	places en crèche	places en crèche
	plafond du quotient familial	plafond du quotient familial
	plan carcéral	plan carcéral
	plan d'investissement	plan d'investissement
	plan de rénovation	plan de rénovation
	planète	planète
	planification	planification
	planification écologique	planification écologique
	planification stratégique	planification stratégique
	plein emploi	plein emploi|&|plein-emploi
	plus de 45 ans	plus de 45 ans
	plus de 55 ans	plus de 55 ans
	plus-value des terrains à bâtir	plus-value des terrains à bâtir
	plus-values	plus-values|&|plus-value
	pma	pma
	pme	pme
	pmi	pmi
	pnru	pnru
	poids lourds	poids lourds
	pôle emploi	pôle emploi
	pôles de santé de proximité	pôles de santé de proximité
	police de proximité	police de proximité |&| police quotidienne
	police nationale	police nationale
	police	police|&|policiers|&|forces de l'ordre
	politique commerciale	politique commerciale|&|politiques commerciales
	politique d'application des peines	politique d'application des peines
	politique de coopération	politique de coopération
	politique de défense	politique de défense
	politique de la ville	politique de la ville
	politique étrangère	politique étrangère
	politique industrielle de défense	politique industrielle de défense
	politique nataliste	politique nataliste
	politiques culturelles	politiques culturelles
	politiques libérales	politiques libérales|&|politiques libérales|&|libéralisme|&|néoliberalisme|&|néo-liberalisme
	politiques publiques	politiques publiques
	pollution atmosphérique	pollution atmosphérique
	pollutions	pollutions|&|polluants|&|polluant|&|pollution
	polynésie	polynésie
	pompiers	pompiers|&|sapeurs-pompiers
	port du voile	port du voile|&|port du voile
	porte-avions	porte-avions
	position dominante	position dominante
	postes supplémentaires	postes supplémentaires
	poursuites disciplinaires	poursuites disciplinaires
	poutine	poutine|&|putin
	pouvoir d'achat	pouvoir d'achat
	pragmatisme	pragmatisme
	pré-apprentissage	pré-apprentissage
	précarité	précarité
	précarité énergétique	précarité énergétique
	prédicateur	prédicateur
	préfet	préfet
	prélèvement à la source	prélèvement à la source
	prélèvements indexés sur le revenu	prélèvements indexés sur le revenu
	prélèvements obligatoires	prélèvements obligatoires
	premier ministre	premier ministre
	prescription à 10 ans	prescription à 10 ans
	prescriptions	prescriptions|&|prescription
	préservation de la biodiversité	préservation de la biodiversité
	présomption d'innocence	présomption d'innocence
	prestations sociales	prestations sociales
	prêts aidés	prêts aidés
	prévention	prévention
	primaire à droite	primaire à droite
	primaires citoyennes	primaires citoyennes|&|primairescitoyennes
	prime à la détention longue de terrains constructibles	prime à la détention longue de terrains constructibles
	prime annuelle	prime annuelle
	prime pour l'emploi	prime pour l'emploi
	primes	primes|&|prime|&|primes
	principe de précaution	principe de précaution
	priorité d'accès	priorité d'accès
	priorité nationale	priorité nationale
	prison ferme	prison ferme
	prison	prisons|&|prison
	privatisation	privatisation|&|privatisations|&|privatiser
	privilège	privilège
	prix des médicaments	prix des médicaments
	prix planchers	prix planchers
	procédures d'expulsion	procédures d'expulsion
	procès	procès
	processus judiciaire	processus judiciaire
	producteurs	producteurs
	production d'électricité	production d'électricité
	produit intérieur	produit intérieur
	produits agricoles	produits agricoles
	produits agricoles et alimentaires	produits agricoles et alimentaires
	produits de santé	produits de santé
	produits dérivés spéculatifs	produits dérivés spéculatifs
	produits financiers	produits financiers
	professionnels de santé	professionnels de santé
	professions judiciaires	professions judiciaires
	professions libérales	professions libérales
	programmes jeunesse	programmes jeunesse
	progrès social	progrès social
	progressistes	progressistes|&|progressiste
	propagande	propagande|&|propagande|&|propagandiste
	proportionnelle	proportionnelle
	propriétaires	propriétaires
	protection animale	protection animale
	protection du territoire national	protection du territoire national
	protection sociale	protection sociale
	protectionnisme	protectionnisme
	prothèses auditives	prothèses auditives
	prêt à taux zero	ptz|&|ptz+|&|prêt à taux zéro
	publicité	publicité
	puissance européenne	puissance européenne
	puissances d'argent	puissances d'argent
	puissances financières	puissances financières
	punir	punir
	pupilles de la nation	pupilles de la nation
	qatar	qatar
	qualité alimentaire	qualité alimentaire
	qualité de l'air	qualité de l'air
	qualité de vie au travail	qualité de vie au travail
	quartiers populaires	quartiers populaires
	quartiers prioritaires	quartiers prioritaires
	quartiers	quartiers|&|quartier
	quotas d'importation	quotas d'importation
	quotas qualificatifs	quotas qualificatifs
	quotas	quotas|&|quota
	quotient familial	quotient familial
	racines chrétiennes	racines chrétiennes
	racisme anti-français	racisme anti-français
	racisme	racisme|&|racism|&|raciste
	radicalisation	radicalisation
	rationalisation	rationalisation
	ré-information	ré-information|&|réinformation|&|reinformation
	réadmission	réadmission
	réarmement	réarmement
	réarmer	réarmer
	Récépissé de contrôle d'identité	Récépissé de contrôle d'identité
	recettes	recettes
	recettes publiques	recettes publiques
	recherche agronomique	recherche agronomique
	recherche publique	recherche publique
	récidivistes	récidivistes
	reconduites à la frontière	reconduites à la frontière|&|reconduites aux frontières
	recours aux génériques	recours aux génériques
	rectorats	rectorats
	redistributif citoyen	redistributif citoyen
	redressement	redressement|&|redresser
	réduction de la déductibilité des dépenses de gros travaux en revenus fonciers	réduction de la déductibilité des dépenses de gros travaux en revenus fonciers
	réduction de la dépense	réduction de la dépense
	réduction des déficits	réduction des déficits
	réduction du taux d'endettement public	réduction du taux d'endettement public|&|réduction de la dette publique
	réduction du temps de travail	réduction du temps de travail
	réduire de moitié l'immigration	réduire de moitié l'immigration|&|réduction de l'immigration
	réduire le nombre de parlementaires	réduire le nombre de parlementaires
	réduire les surcoûts	réduire les surcoûts
	référendum	référendum
	réforme	réforme
	réforme de la dépendance	réforme de la dépendance
	réforme de la fiscalité	réforme de la fiscalité
	réforme du collège	réforme du collège
	réfugiés	réfugiés
	régalien	régalien|&|régalien|&|régaliens|&|régalienne|&|régaliennes
	régime dérogatoire	régime dérogatoire
	régime fiscal	régime fiscal
	régime général	régime général
	régime social des indépendants	régime social des indépendants
	régimes spéciaux d'entreprises	régimes spéciaux d'entreprises
	régions	régions|&|région
	réglementation européenne	réglementation européenne
	règles du détachement	règles du détachement
	regroupement familial	regroupement familial
	régularisations	régularisations
	régulariser des clandestins	régulariser des clandestins
	réhabilitation des logements	réhabilitation des logements
	réindustrialiser	réindustrialiser|&|réindustrialisation|&|ré-industrialisation|&|réindustralisation
	relations commerciales	relations commerciales
	religion	religion|&|religieux|&|religions
	relocalisation	relocalisation
	remises automatiques de peine	remises automatiques de peine
	remises de peine	remises de peine
	rémunération du président de la république	rémunération du président de la république
	rémunération forfaitaire	rémunération forfaitaire
	rémunérations	rémunérations|&|rémunération
	renégociation	renégociation
	renouvellement urbain	renouvellement urbain
	rénovation	rénovation
	rénovation thermique	rénovation thermique
	rénovation urbaine	rénovation urbaine
	renseignement intérieurs	renseignement intérieurs|&|DGSI
	rentrées fiscales	rentrées fiscales|&|recettes fiscales
	représentants de l'état	représentants de l'état
	représentants des salariés	représentants des salariés
	reprise d'activité	reprise d'activité
	reprise d'entreprises	reprise d'entreprises
	république	république
	république française	république française|&|république françaises
	réseau ferroviaire	réseau ferroviaire
	réseaux sociaux	réseaux sociaux
	réserve parlementaire	réserve parlementaire
	réservée aux migrants clandestins	réservée aux migrants clandestins
	réservistes	réservistes
	résidences principales	résidences principales
	résistance	résistance|&|résistances
	respect de l'autorité	respect de l'autorité
	responsabilité pénale	responsabilité pénale
	responsable politiques	responsable politiques|&|responsables politiques|&|responsable politique
	ressources naturelles	ressources naturelles
	restaurants d'entreprise	restaurants d'entreprise
	restauration collective	restauration collective|&|restaurations collectives
	restauration des monuments	restauration des monuments
	restauration scolaire	restauration scolaire
	rétention administrative	rétention administrative
	retenue à la source	retenue à la source
	retraite solidaire	retraite solidaire
	retraite	retraite|&|retraités|&|retrait|&|retraites
	revaloriser	revaloriser|&|revalorisation
	revenir à l'équilibre de nos comptes publics	revenir à l'équilibre de nos comptes publics
	revenu universel	revenu universel
	revenus de l'assistance	revenus de l'assistance
	revenus du capital	revenus du capital
	revenus du patrimoine	revenus du patrimoine
	revenus modestes	revenus modestes
	révisions constitutionnelles	révisions constitutionnelles
	revitalisation rurale	revitalisation rurale
	révocations de sursis	révocations de sursis
	révolution citoyenne	révolution citoyenne
	révolution fiscale	révolution fiscale
	révolution numérique	révolution numérique
	rgpp	rgpp|&|révision générale des politiques publiques
	richesse nationale	richesse nationale
	robots	robots|&|robotisation
	route migratoire	route migratoire
	royaume-uni	royaume-uni
	rsa	rsa
	rsi	rsi
	ruralité	ruralité
	russie	russie|&|russes|&|russe|&|la russie
	rythmes scolaires	rythmes scolaires
	sacrifices	sacrifices|&|sacrifice
	salafisme	salafisme|&|salafiste|&|salafistes
	salaire des fonctionnaires	salaire des fonctionnaires|&|point d'indice
	salaire horaire	salaire horaire
	salaire minimum	salaire minimum
	salaire moyen	salaire moyen
	salaires	salaires|&|salaire
	salariés	salariées|&|salarié|&|salariés|&|salarié.e.s
	sanctions	sanctions
	sans papiers	sans papiers|&|sans papiers|&|sans-papiers
	santé	santé
	santé publique	santé publique
	savoirs fondamentaux	savoirs fondamentaux
	schengen	schengen
	sciences	sciences|&|science
	scolarité	scolarité
	scolarité obligatoire	scolarité obligatoire
	scop	scop
	se serrer la ceinture	se serrer la ceinture
	secret de l'instruction	secret de l'instruction
	secteur amateur	secteur amateur
	secteur bancaire	secteur bancaire
	secteur privé	secteur privé
	secteur public	secteur public
	secteurs régaliens	secteurs régaliens
	secteurs stratégiques	secteurs stratégiques
	sécurité	sécurité
	sécurité collective	sécurité collective
	sécurité des français	sécurité des français
	sécurité intérieure	sécurité intérieure
	sécurité nationale	sécurité nationale
	sécurité sociale	sécurité sociale
	seniors	seniors|&|séniors|&|senior
	sens commun	sens commun|&|sens commun
	sens de l'effort	sens de l'effort
	sens de l'etat	sens de l'etat
	séparation des pouvoirs	séparation des pouvoirs
	service civique	service civique
	service militaire	service militaire
	service national	service national
	service public	service public|&|services publics
	service sanitaire	service sanitaire
	services consulaires	services consulaires
	services de l'état	services de l'état
	services innovants	services innovants
	services numériques	services numériques
	services publics marchands	services publics marchands
	seuils sociaux	seuils sociaux
	simplification	simplification|&|simplifier
	situation irrégulière	situation irrégulière
	small business act	small business act
	smart nation	smart nation
	smic	smic
	smicards	smicards
	sncf	sncf
	snowden	snowden
	société civile	société civile
	société du travail	société du travail
	soins d'urgence	soins d'urgence
	soins dispensés	soins dispensés
	solaire	solaire
	soldats	soldats
	solidarité	solidarité|&|solidarités|&|solidaires|&|solidaire
	solutions de garde	solutions de garde
	sondage	sondage|&|sondages
	sortir du nucléaire	sortir du nucléaire
	souffrance au travail	souffrance au travail
	souffrances	souffrances|&|souffrance
	sources d'énergie	sources d'énergie
	sous-traitants	sous-traitants
	souveraineté migratoire	souveraineté migratoire
	souveraineté numérique	souveraineté numérique
	souveraineté	souveraineté|&|souverainetés démocratiques
	souverainetés nationales	souverainetés nationales|&|souveraineté nationale
	souverainiste	souverainiste
	spectacle vivant	spectacle vivant
	spéculation	spéculation|&|spéculateurs
	sponsoring	sponsoring
	sportifs amateurs	sportifs amateurs
	sport	sportives|&|pratique sportive|&|sportif|&|sport
	stages	stages|&|stage
	start-ups	start-ups|&|startups
	statut pénal du chef de l'état	statut pénal du chef de l'état
	stock options	stock options|&|stock-options
	stockage du carbone	stockage du carbone
	stratégie de défense	stratégie de défense
	structures parapubliques	structures parapubliques
	subprimes	subprimes
	subvention publique	subvention publique
	successions	successions
	suicides	suicides|&|suicide
	suppression des cotisations minimales	suppression des cotisations minimales
	suppression	suppression|&|supprimer|&|supprimant
	suppressions de postes	suppressions de postes
	surendettement	surendettement
	sûreté	sûreté
	surplus	surplus
	surveillance	surveillance
	suspension des aides sociales	suspension des aides sociales
	suspension des allocations	suspension des allocations
	sylvicultures	sylvicultures
	syndicat	syndicat|&|syndicaliste|&|syndicalisation|&|syndical|&|syndicats|&|syndicalistes
	système de retraite	système de retraite
	système de santé	système de santé
	système de soins	système de soins
	système éducatif	système éducatif
	système scolaire	système scolaire
	système universel	système universel
	tafta	tafta
	tarification progressive	tarification progressive
	tarifs réglementés	tarifs réglementés
	taux d'élucidation	taux d'élucidation
	taux d'imposition	taux d'imposition
	taux d'usure	taux d'usure
	taux de chômage	taux de chômage
	taxe d'habitation	taxe d'habitation
	taxe foncière	taxe foncière
	taxe mondiale sur les transactions financières	taxe mondiale sur les transactions financières|&|taxe tobin
	taxe	taxe|&|taxation|&|taxer|&|taxes|&|taxerai
	technologies	technologies
	technologies numériques	technologies numériques
	télé	télé
	télémédecine	télémédecine|&|téléconsultation|&|téléconsultation
	téléphones portables	téléphones portables
	temps de travail	temps de travail
	temps partiel	temps partiel
	tentative d’assassinat	tentative d’assassinat
	terrains constructibles	terrains constructibles
	territoire national	territoire national
	territoires ruraux	territoires ruraux
	territoires	territoires|&|territoire
	terrorisme	terrorisme
	terrorisme islamiste	terrorisme islamiste
	thales	thales
	théorie du complot	théorie du complot
	tiers payant	tiers payant
	tisa	tisa
	titres de séjour	titres de séjour
	tolérance zéro	tolérance zéro
	totalitarisme islamique	totalitarisme islamique
	tourisme	tourisme
	toxiques	toxiques
	tpe	tpe|&|très petites entreprises
	traçabilité	traçabilité
	traité franco-allemand	traité franco-allemand
	traités	traités
	traités européens	traités européens|&|traité européen
	traités internationaux	traités internationaux
	traités transatlantiques	traités transatlantiques|&|traité transatlantique
	tranche supplémentaire	tranche supplémentaire
	transactions financières	transactions financières
	transactions immobilières	transactions immobilières
	transformation économique	transformation économique
	transition agricole	transition agricole
	transition écologique	transition écologique
	transition énergétique	transition énergétique
	transition numérique	transition numérique
	transparence	transparence
	transports en commun	transports en commun
	transports régionaux	transports régionaux
	transports sanitaires	transports sanitaires
	transports urbains	transports urbains
	transports	transports|&|transport
	travail	travail
	travail clandestin	travail clandestin
	travail détaché	travail détaché|&|travailleur détaché|&|détachement des travailleurs
	travail obligatoires	travail obligatoires
	travailleurs	travailleurs
	travailleurs handicapés	travailleurs handicapés
	travailleurs indépendants	travailleurs indépendants
	travailleurs sociaux	travailleurs sociaux
	très haut débit	très haut débit
	trésor public	trésor public
	tribunal administratif	tribunal administratif
	tribunal de première instance	tribunal de première instance
	tribunal	tribunal|&|tribune
	tribunaux correctionnels	tribunaux correctionnels
	tribunaux pénaux	tribunaux pénaux
	tribunaux pénaux de proximité	tribunaux pénaux de proximité
	trouble autistique	trouble autistique|&|trouble autistique|&|autiste
	tunisie	tunisie
	turquie	turquie
	tutorat	tutorat
	tva	tva
	tva à 5,5	tva à 5,5
	tva anti-délocalisations	tva anti-délocalisations
	uber	uber|&|ubérisation|&|uberisation
	ultra-marins	ultra-marins
	UMPS	UMPS
	une france puissante	une france puissante
	une honte	une honte
	une nouvelle société	une nouvelle société
	une république forte	une république forte
	une société du travail	une société du travail
	unédic	unédic
	uniforme à l'école	uniforme à l'école
	union douanière	union douanière
	université populaire	université populaire|&|université populaire
	universités	universités|&|université
	urgences sanitaires	urgences sanitaires
	urssaf	urssaf
	usage de stupéfiants	usage de stupéfiants
	usines	usines
	valeurs républicaines	valeurs républicaines|&|valeurs de la république
	ve république	ve république|&|5eme république|&|5ème république
	véhicule électrique	véhicule électrique
	véhicule neuf	véhicule neuf
	vente à l'étranger	vente à l'étranger
	victime	victime|&|victimes
	vidéo-surveillance	vidéo-surveillance|&|vidéoprotection|&|vidéo-protection
	vie politique	vie politique
	vieux véhicules	vieux véhicules
	village	village|&|villages
	vivre-ensemble	vivre-ensemble|&|vivre ensemble
	voile	voile
	voitures	voitures|&|voiture
	vote électronique	vote électronique
	vote utile	vote utile
	washington	washington
	xénophobe	xénophobe|&|xenophobe
	zone euro	zone euro
	zone inondable	zone inondable
	zone rurale	zone rurale
	zones de sécurité prioritaires	zones de sécurité prioritaires
	zones désertifiées	zones désertifiées
	zones franches	zones franches
	zones humides	zones humides
	zones prioritaires	zones prioritaires|&|zone prioritaire
	zones sans réseau	zones sans réseau
	zones urbaines	zones urbaines
